NO2_KRIG,O2_KRIG,pm25v2_KRIG,pm25v1_KRIG,NEAREST_OPENSPACE,NEAREST_ROAD,Prevalence
81.2600327,0.0771435,13.1405544,24.7970009,0,11.364863528839374,
31.2667561,0.0688207,14.3981123,19.9560719,490.983901730425771,278.217611216292994,
,0.0758727,,20.5000191,11.188354696758893,3.161533566838975,
35.525135,0.0742159,15.295393,20.5358257,0,43.963285317879041,
35.1328087,0.0745272,15.3978605,20.534565,527.061249282429344,989.314286463954545,
40.5524292,0.0691246,26.0383854,21.999052,367.783902939345182,104.469642157597107,
35.390274,0.0743598,15.7022171,20.3802891,68.167740139957630,150.853566306179545,
42.3079567,0.0695162,24.3796806,21.8517914,705.056889172844194,240.201971239211332,
42.9323273,0.0642747,42.5623589,24.4586143,0,57.682242502170986,
81.4877014,0.0770661,13.2818985,24.8518772,0,668.244674884808092,
45.4242325,0.0612052,31.8416481,22.8767262,369.104625840948813,115.776653452624728,
78.1925812,0.0773573,13.0333042,24.8824177,959.062112472540775,975.249972472248373,
34.4698715,0.0722519,15.3923531,20.2698326,0,356.316748170863264,
44.9781837,0.0604579,36.1908722,23.0215416,558.843195212822934,24.269067822127418,
45.9254684,0.065861,35.1622124,23.024395,934.949341312347315,30.281521985946871,
44.9988289,0.0595316,36.6969452,23.7250614,540.081954459209783,124.729230081177818,
43.1829453,0.066278,34.4906998,23.0434341,259.604767095867260,50.904935051501568,
42.0617943,0.0697308,23.4794292,21.8326054,0,540.301662692217064,
35.3963203,0.0745663,15.8312473,20.3545494,0,506.654915550383521,
45.4503326,0.059,36.5054626,25.6153393,0,835.946937860496632,
44.3819809,0.065258,37.394268,23.1569118,51.106563443976604,529.650022278305528,
43.2008591,0.0665842,33.7920341,22.9542828,0,96.279326799369386,
37.2138863,0.0729165,15.5119209,20.2390156,0,84.009267410262098,
77,0.0809251,13.3000002,23.7817898,513.493119522136681,234.770208925716588,
34.1710625,0.0720369,15.3462095,20.2421417,243.722278894328838,234.623051580554034,
77.4937515,0.0781966,12.7315464,24.984869,860.619615272612236,175.787750043794830,
35.1681709,0.0743447,15.6153173,20.4525204,375.869013367864227,829.738871300661231,
39.0276527,0.0724097,15.4276505,20.1845608,0,63.920872140340421,
35.1741638,0.0744957,15.2622766,20.5617867,576.297324561548180,1088.675576024190605,
44.1215935,0.0603351,41.3073158,24.259758,0,53.108776906474709,
34.7745399,0.0746118,15.3131981,20.5638752,267.212580562629455,108.641143045203521,
,,,,0,274.838748466037657,
41.8689461,0.0683072,29.1704693,22.2860947,135.511261112287343,387.403742998299208,
34.5048904,0.0731913,15.1528263,21.1831532,249.315198151828127,623.121269804217832,
43.7665253,0.0689245,27.0476189,21.892025,0,279.493563435492263,
34.952774,0.0705468,15.0480928,19.9713173,0,191.767379256542029,
45.2392349,0.0623037,33.2620392,22.9051571,0,48.972191185151217,
34.7164154,0.0705608,15.2073059,19.5791893,0,305.138266925121684,
80.9001617,0.077002,13.4692831,24.9663181,0,113.709490462394513,
79.1968918,0.0770594,13.3667498,24.8648624,824.280093211750113,56.040279242133430,
35.1854439,0.0743491,15.6278133,20.4469757,90.894964835746023,330.667044942961354,
43.3590546,0.0680698,30.7369022,22.183773,30.055881975660810,698.400645400985468,
37.2517319,0.0702018,20.629097,21.9062786,351.176335544068365,106.296670271006619,
43.2044373,0.0639275,43.2769279,24.2780132,0,89.505725376742703,
40.851841,0.0688604,27.0287914,22.1114979,0,403.326676628593248,
44.5305977,0.0694524,24.2809448,21.8188248,296.596380495650465,33.797668598825133,
78.3547668,0.0786507,12.7408619,24.6404114,3.934534942251665,689.382999105684348,
37.0352364,0.0704747,19.5121937,21.9069481,627.922577687138642,381.872970819499074,
35.0738373,0.0703811,14.976182,20.708292,0,77.604324233177948,
42.0012817,0.0660275,33.9987793,23.1938648,5.744619090547506,975.013215586765114,
31.2160187,0.0691852,12.6242523,22.989275,0,104.169582385529495,
47.0490189,0.0687987,27.0917225,21.8592091,0,216.442859483522540,
42.867363,0.0683501,29.6927986,22.0846519,0,80.910028093394246,
42.3203392,0.0648209,39.9901657,24.6957836,259.928517305168498,156.177010705411249,
,0.07705,13.3000002,22.1560116,0,1732.182314838571983,
35.082962,0.0746811,15.3985567,20.1288452,0,216.686333066841030,
34.3410759,0.0732506,15.0126543,19.3502483,518.486640468382348,512.205186324324472,
44.7933578,0.0612479,37.3338203,23.036972,277.730709588713182,675.532788379566909,
35.2669106,0.0744537,15.644928,20.433733,0,1546.034823570941171,
34.9223061,0.0723184,15.2378654,21.6094627,0,181.467871109965785,
45.4825172,0.0599332,31.1597652,22.8893013,0,688.894597823198978,
41.7699051,0.0698791,22.8873787,21.8226013,4.808387586222435,350.829234428926611,
42.5086365,0.0651721,37.7576904,23.5992641,0,300.518292774536974,
45.0794868,0.0669982,33.879097,22.6072445,0,67.361232176556157,
43.0414009,0.073547,15.4926472,19.9807281,144.206106012299557,17.215672553733928,
45.4051132,0.059,37.235363,25.6293812,0,1679.904431008412757,
34.1359062,0.0698904,14.7160368,19.0590382,54.245672312512298,218.748526973420581,
40.6643562,0.0700157,22.2716408,21.8393497,421.225808866258319,7.451248581437886,
34.5442543,0.0704746,15.1134033,19.5252476,0,622.464986271783232,
42.4422035,0.0649897,39.0943108,24.5206013,333.051967229563672,281.117310363667912,
57.0401497,0.0749559,14.5704699,21.2725201,0,193.789305209483530,
45.0484352,0.0609885,34.9381104,22.9164333,233.299644654783464,184.954454750265029,
47.1128273,0.0689853,26.0174809,21.8218231,0,290.362790954339061,
35.7332497,0.0708098,17.991148,21.6511402,633.470336436107686,252.705778626729057,
35.492897,0.0745913,15.8556881,20.3395386,0,132.011772540809602,
41.9017754,0.0740622,15.5275059,19.9701405,687.427666490164029,11.651766144018916,
,,,,49.715063917692071,63.306392297519274,
36.9714394,0.0703196,20.1092987,21.8737564,31.715828756751275,118.786698666936715,
43.3516121,0.0693339,25.1220245,21.851141,0,776.915214789309061,
77,0.0779219,13.3000002,23.756237,148.152649745572148,143.323927656400997,
36.4375839,0.0705503,19.0945644,21.8203106,739.833616895688806,39.693242615845286,
55.3746643,0.0862444,13.7796049,27.0658875,0,4.808892011507464,
38.4448318,0.0703239,20.4358521,21.888958,237.011979593320490,16.426970052257417,
33.079525,0.0695997,14.5768929,19.3559628,0,435.046087862180229,
78.0695953,0.0777657,12.8366737,24.9866695,0,64.764305890847467,
35.2973251,0.0712188,17.0016098,21.4709034,0.726378744,64.309703888574703,
74.1397705,0.0778355,13.0592852,24.7879562,75.896077577563418,26.385451547859024,
46.0043716,0.0695192,23.4316483,21.7720985,14.252256026347004,0.779716188,
33.7058678,0.0714432,15.1844549,19.5676022,119.885529064928690,383.852376157753440,
47.949337,0.0689478,25.3702106,21.6588287,958.904011676027949,20.926881077182777,
36.3151283,0.071783,15.4627075,20.094532,0,62.901541936476860,
44.4246635,0.0638259,36.8710556,23.0524445,139.570317777491880,157.076942130781305,
34.7511597,0.0710823,15.291976,19.9534111,792.124422136472049,285.104302861794622,
35.1558533,0.0744862,15.1767178,20.029026,0,83.124296458789445,
34.5127373,0.0733553,15.1226072,21.1313934,0,191.853471949450181,
41.4616051,0.0683327,28.7205906,22.3580112,0,103.016523984634873,
44.2060204,0.0690967,26.1584606,21.8647804,0,456.518901280242915,
48.0067062,0.0670977,31.0235615,22.5391102,13.375241898130694,93.057533411717401,
42.3818359,0.0647916,40.1660995,24.6740017,675.194176836589918,731.753164898456703,
35.3833885,0.0746479,15.8941622,20.3239136,539.176217165492403,424.138210353776230,
76.8413696,0.0809219,13.3015995,23.8863411,0,115.053181343665344,
39.505928,0.0704043,20.8078728,21.8127785,0,385.539647662797108,
32.3422432,0.0694351,14.4782009,19.5126209,1041.530160278993435,90.988149398291341,
46.799221,0.0687081,27.6485729,21.8777924,62.028823364817789,79.577011444994199,
35.8301544,0.0707671,18.1289062,21.7036285,674.986677940374193,219.585231619365658,
35.6684685,0.074605,15.8802881,20.3275127,0,276.402986003529236,
56.1713676,0.0864759,13.7169228,27.1740437,29.757391887716508,47.738655555606016,
46.5892639,0.0690565,25.7273483,21.8314743,127.326819632416417,118.091980169600291,
47.8760948,0.0638751,29.2582092,22.6576729,0,535.654025990627133,
47.5447464,0.0687893,27.0189514,21.8426571,50.489600002765656,266.983201891796512,
47.6286736,0.0687322,27.2829609,21.8566399,0,466.453735330420216,
55.542778,0.0745145,14.7367926,21.3896847,0,141.384894587115241,
76.9947205,0.0778913,13.3000011,23.8138275,0,269.815299945591050,
44.9716644,0.068654,28.2738171,21.9030457,406.837169618091707,272.440210299423768,
43.7665253,0.0689245,27.0476189,21.892025,0,475.835723349650323,
44.5535851,0.0655451,36.8857613,23.105341,781.893245604759500,90.696567976697935,
44.4354553,0.0685406,28.9449711,21.9259129,0,272.920745672691169,
47.5120964,0.0637596,30.1459599,22.7266941,0,47.751137898994180,
35.5864105,0.0740967,15.6487131,20.3629303,663.663491976104865,98.769302447614720,
43.4912605,0.0647281,39.2048073,23.225462,0,423.298266384406475,
43.687027,0.0682278,30.3353901,22.0618439,310.584548725376123,147.178980982618782,
46.3569756,0.0678846,31.3196907,22.1591301,340.919920756354088,100.575690306609800,
48.6707306,0.0668341,28.824213,22.2526436,301.318130966842773,241.517628194306582,
44.8150063,0.0664208,35.0805283,22.8576355,0,938.876177901120059,
,0.0759771,,20.5000038,0,47.603013252253611,
28.9517975,0.0682641,12.6267309,22.8462639,0,176.883724701670246,
41.9651947,0.0697288,23.4888287,21.8353176,187.649033892857574,61.026837924969094,
34.7989655,0.0741986,15.4762125,20.4904308,234.727958158251852,821.139284527293057,
46.4104156,0.0663414,34.3621635,22.8809948,1178.763188765604809,142.586590118803628,
33.6342354,0.0719712,15.1970377,19.7155666,76.460868682765934,65.533559731479457,
41.5364189,0.0670685,30.2372246,22.9999733,0,108.289800786618599,
44.7329865,0.0658216,36.3099403,23.0395889,0,449.392989979590254,
38.6526222,0.0725886,15.4529352,20.2015553,0,74.085616419830799,
35.401329,0.0742144,15.6644154,20.3809032,0,244.128922151335701,
35.5005455,0.0718919,15.8568163,21.7944088,0,292.602443556386902,
44.1365509,0.0614915,41.1477356,23.7775116,911.074134771759077,462.115394406950543,
45.1255264,0.0697422,22.6331654,21.7694302,489.155649089202655,120.452199603367006,
42.2840614,0.0667425,32.3329239,23.0117741,0,457.504473369842515,
46.6707077,0.0691244,25.3307018,21.8158684,0,15.678924190886171,
44.230545,0.0648889,37.1194038,23.1543655,0,412.939100375593455,
41.6666946,0.0668316,30.8547993,23.0661583,0,529.988622129929581,
35.3438301,0.0706914,15.1284113,20.0403156,72.125388481042691,273.972945281869386,
34.8526573,0.0729821,15.0155773,21.3377705,0,200.333966589963836,
47.2757111,0.0690005,25.8938637,21.8072681,117.676029295978452,228.765013415836421,
44.6439056,0.0653368,37.0321693,23.1399269,0,572.787128835893895,
34.6465454,0.074467,15.1117535,20.8269768,0,348.495024061387369,
45.4251709,0.0650983,34.9464722,23.0565605,730.342819816132646,306.868159353302531,
45.0409317,0.059,36.8930435,24.9992847,0,396.457088543389602,
46.5693932,0.0619824,30.0537415,22.8149834,183.888728220752313,174.415005109779770,
41.9350929,0.0664781,32.3185463,23.1062374,0,335.775163326811423,
45.0519524,0.0601997,35.6837234,23.0235462,94.729379909660764,187.931161153964638,
43.1072617,0.0646522,39.7866859,23.2494583,123.068486066975751,501.610416544018165,
77.0091934,0.0782593,12.7099247,24.9517212,87.502205929267376,410.843377534251545,
46.5598297,0.0693707,24.0766087,21.7740459,738.182191006195126,213.271666140760345,
44.4145737,0.0690373,26.4097595,21.8681927,0,258.409045189512085,
36.0773048,0.074276,15.5144672,20.4332485,161.881909222767661,943.527765244795091,
39.738636,0.0703249,21.0787029,21.8203621,0,460.000476892274094,
42.3818703,0.0649304,39.413723,24.6153622,451.777606633655751,989.186296232983750,
45.8501625,0.0609879,30.3072586,22.8532944,1436.771654373048023,103.164089645598636,
35.2146454,0.0731374,15.0841618,21.261301,0,11.019235296808898,
47.3096046,0.068703,27.5630207,21.8757801,0,232.709469852115689,
34.6865997,0.0725058,15.20189,21.4876328,663.238131069339602,648.419123729871899,
47.2591629,0.0691115,25.2460251,21.7796974,0,458.795385965112132,
,0.0768313,13.3000002,21.6971664,0,374.704547793357506,
42.6291733,0.0646933,40.6850204,24.4997749,271.742244425327328,254.462529723157644,
43.1628761,0.0737753,15.5196438,19.9221535,505.112593816504670,380.393613727413197,
44.1818657,0.0684483,29.4352837,21.9502678,141.395848315972472,47.725990309544208,
78.4800873,0.077298,13.0661316,24.9087143,436.117223069307897,38.012116780815347,
76.633873,0.0787612,12.6076603,24.9803009,531.040273718725302,94.265618385070923,
34.7272758,0.0738061,15.1146126,19.60672,36.955111544481682,32.682014034012731,
59.9860687,0.0745022,14.9156685,22.561264,321.807718287182013,82.692702461168551,
35.5153847,0.0709527,15.3628721,20.0025826,0,258.210616475563711,
42.7254829,0.0687574,27.9785194,21.936945,0,28.592299670821586,
35.3042831,0.0744726,15.5990658,20.4293289,19.341850399979510,1730.825883653340497,
42.2131119,0.0682499,29.5864296,22.2555313,505.842185422328328,264.636268798501760,
53.0486832,0.0874703,13.5483437,27.2630081,0,149.406802149636178,
46.3590698,0.0675008,32.3825455,22.3564854,986.124187488997677,115.344476034625359,
,0.0886578,,,0,66.090328579118903,
42.2850876,0.0653111,37.3271408,23.3076286,0,200.171750679735140,
44.6648712,0.0683295,29.9578514,21.97019,0,735.017745231383174,
,0.0776048,13.3000002,22.9564667,3006.881060595117106,436.003561875622268,
42.0091972,0.0676809,30.4130363,22.6637383,0,169.060345973945175,
47.909111,0.0682655,29.0025558,22.0560265,11.481240087866409,69.726074672675992,
39.7914085,0.0703265,21.0932598,21.8170795,424.983757926015812,98.246848123411041,
46.0950851,0.0635785,32.6271782,22.8915348,38.309225965178896,29.397979314073883,
44.9653664,0.059,38.125988,25.0940647,0,538.796744380966857,
41.3481178,0.0739835,15.5411835,20.102314,256.659384923816503,235.810304464941566,
47.0551376,0.0687375,27.4340782,21.8703041,145.548532110005283,56.095305780044747,
34.4563866,0.0739746,15.2106981,20.0911427,0,1022.828371125844455,
34.0426788,0.0698274,14.6774817,19.1138496,119.650409999724374,186.979410860466714,
45.1832237,0.0596778,35.3953896,23.2542458,273.814845265149017,80.641074471549913,
35.1961021,0.0746683,15.2471628,20.154108,0,11.721628957547512,
35.1180382,0.0746746,15.4215498,19.9676437,169.552711592482780,38.545028008999559,
76.8501816,0.0776373,13.3026466,23.8039894,110.214703944366320,548.273345678348505,
76.338623,0.0787025,12.601963,24.9544773,0,495.483462488664145,
77.5988541,0.0772909,13.2270689,24.7923527,492.100534366014642,253.790762580049147,
48.1047134,0.0678976,29.6897106,22.2187119,0,377.628742260523097,
75.6877441,0.0809357,13.4256153,23.9044285,0,185.772382663765967,
66.5217285,0.0744935,14.9623394,23.4126568,201.559949493490279,308.008440438198249,
46.730278,0.0693805,23.9703751,21.761776,0,368.935219020063016,
42.0357971,0.0740726,15.5228157,19.935442,38.517998551346089,153.968898162078091,
45.1432228,0.068112,30.8171272,22.0428677,153.881321505884074,4.785326253080485,
35.5667839,0.0709369,17.7308884,21.5097504,621.009902845960369,473.257543253674726,
42.3901787,0.0653022,37.3446388,24.3655987,0,726.078525014075808,
58.468277,0.0748221,14.7580128,22.1486912,231.088643444978970,220.020414951887602,
35.5681648,0.0744062,15.5185366,20.4205151,0,224.725287070319098,
42.1196098,0.0664242,30.8191605,24.2964191,1279.026184933966533,495.868372414892406,
44.3419533,0.0667646,34.2249718,22.758688,0,51.075028480680487,
35.7006416,0.0743692,15.5101223,20.422636,0,111.006125172875727,
34.7285881,0.0705181,15.0690823,19.7599545,0,542.056418688241365,
41.0587845,0.0698662,22.8870544,21.8454781,226.902606592902202,35.488010091702122,
,0.0888059,,,14.303638343155471,1.897937927462165,
42.3299942,0.0652447,37.6053848,23.2568932,0,1464.733535536222917,
34.4309273,0.0737939,15.1775227,19.8835125,0,212.387223635106068,
38.4623222,0.0707849,19.5992222,21.7865009,0,18.774893619825733,
42.9073372,0.0640262,42.97052,24.6439781,1174.443662929639004,747.531641701273770,
32.7951775,0.0695452,14.5085001,19.458189,184.950357147421983,321.971644155916351,
42.1055412,0.0664849,30.5784683,24.2478085,1030.326654884649088,477.260805906327732,
47.3671722,0.0678045,30.9137859,22.2615967,213.214393764049902,502.092048482858218,
46.3536644,0.0687223,27.6544113,21.8793564,0,220.292910298345703,
33.5828552,0.0696584,14.597764,19.298151,142.223478961893761,9.126041326374438,
35.229969,0.0707606,15.2960005,19.7565708,184.583308390660704,146.752788846377882,
39.2250633,0.0743428,15.9146214,20.3876514,539.933349460305067,91.129770819195656,
35.0919037,0.0745422,15.1964865,20.1626148,187.979643301916951,172.136885287785901,
77,0.0779522,13.3000002,23.7916889,0,202.948650180545371,
44.1423721,0.0617451,41.0736504,23.6895599,745.016595335300053,29.305180702654546,
,0.0820882,13.3000002,26.8089066,221.465661270561327,482.808453339484629,
47.482296,0.0693848,22.6160374,21.5279655,454.281383999583397,201.554902778722578,
80.9588852,0.0769832,13.531599,24.9650097,0,151.386826261924682,
76.8733902,0.0778706,13.3016577,23.8197517,296.106133008277027,126.201715267545367,
36.9254303,0.0727043,15.4989748,20.213541,33.616601746610918,25.851697206964769,
,0.0768673,13.3000002,22.0133572,1554.260381445404164,125.989581818363888,
77,0.080517,13.3000002,23.7577114,130.916648305694167,117.707989265652301,
77,0.0779208,13.3000002,23.7118263,0,446.979664151790473,
43.871254,0.0685774,28.8138943,21.9325523,231.815570712905952,471.579206630448823,
39.3474617,0.0699577,22.156086,21.8945179,128.263547108067343,210.587656747212293,
44.3094559,0.0602544,40.2929039,23.9703789,0,601.804028270126651,
42.9831886,0.0741822,15.489809,19.6317081,0,474.096374666545842,
44.4843063,0.0673096,33.0812912,22.4909077,483.838088097822947,251.560605182980311,
80.3676376,0.0769752,13.5479517,24.9814339,0,14.917055572377615,
43.7752953,0.0664281,34.63097,22.9378204,0,571.128151337055328,
34.7598152,0.0744343,15.4946947,20.0026817,304.543752214809388,40.719840219648383,
,0.0760057,,20.5014191,164.029722195743801,34.840468724438459,
80.5870361,0.0770479,13.3348713,24.9665051,0,141.757361904699081,
41.5343971,0.0692414,25.6395378,21.9098663,811.564262143170595,335.184283474421420,
33.3759232,0.069607,14.5804024,19.3476067,0.088100655,108.236223822821131,
45.919384,0.0616253,31.0835037,22.8561764,0,605.482927677533098,
76.3704529,0.08047,13.3360434,23.8867702,0,68.895288224907063,
73.9140701,0.0782002,12.8801184,24.7927399,678.062156822296174,501.750469492336833,
45.184185,0.0599196,34.6456451,23.0006561,910.898863426192293,373.103415577755015,
,,,,0,955.004671187011127,
,0.0885782,13.3000002,27.2999992,0,31.408088768206628,
,0.0888714,,,0,178.744112554479159,
45.490345,0.059,37.6348877,25.6776485,0,2206.570711610669605,
44.8347244,0.0598427,37.5429764,23.5016747,162.518382228800078,3.041534365027504,
42.6507301,0.0693827,24.9680862,21.8604221,0,575.052698920522516,
,0.0759569,,20.5380497,0,109.280075239447143,
34.6476135,0.0703899,14.9531116,20.1807938,0,214.154781896430819,
45.223587,0.059,35.9775124,25.2236176,0,247.799958248521875,
45.2296219,0.059,35.8062477,25.1099033,0,692.945006079962809,
,0.088925,,,0,536.103637081262377,
34.5633049,0.0742892,15.2576952,20.375845,0,184.149184015199808,
44.0895004,0.0670264,33.5494461,22.6683922,0,325.103512900376302,
42.6435089,0.0644738,41.7633057,24.6520901,1529.257652474526139,163.925225375624677,
45.6418266,0.0693157,24.6592045,21.8208084,0,153.324825419908080,
41.2922478,0.067551,29.3779297,22.8442535,0,1436.033740396939265,
44.6037521,0.065665,36.6442909,23.079546,0,74.362161301671236,
35.2532196,0.073974,15.6115351,20.3892498,0,371.078992000275491,
77.0091934,0.0782593,12.7099247,24.9517212,308.453131864730949,182.231786984070055,
35.2532196,0.073974,15.6115351,20.3892498,75.354626520923674,176.949893821408182,
43.0114975,0.0684591,29.3474827,22.0125389,0,332.541701542390058,
46.250576,0.0688399,27.0207939,21.8676777,0,138.125527224222878,
50.8403625,0.0731119,15.0257025,21.1514874,588.866158931978362,241.073228558511630,
27.9476776,0.0674402,12.9315395,22.7833672,249.608697988874297,227.009532248624765,
44.96035,0.0597572,36.8358192,23.4292698,491.925609299791972,211.607978088200269,
47.78582,0.0686701,27.4758244,21.8678989,176.968421372984494,415.746552229702786,
39.1743431,0.0689895,24.5219822,22.3670826,9.282384180492089,348.407399523305173,
47.2256927,0.0652883,32.0955086,22.8241558,254.353860607977111,608.180195955601221,
45.2694359,0.0605671,32.0470886,22.8866291,339.230866069654212,4.954078024562556,
37.758728,0.0745701,16.0470028,20.3335762,0,176.961337875279952,
44.6892624,0.0590376,38.4567719,24.5082054,87.982365639487057,234.048637284690443,
38.109684,0.0695469,22.2671452,22.1504192,190.018081957496463,266.698548290802250,
44.1442146,0.068946,26.8930149,21.8826637,0,74.800643902772919,
,0.0845304,,,0,10468.895714227852295,
45.8321838,0.0693271,24.5392666,21.8144398,0,21.958625048388473,
38.1777992,0.0707038,19.62117,21.8155766,19.815419194063878,108.583701340121735,
37.2062607,0.0727218,15.5094662,20.2149582,0,241.182156081040205,
47.5903358,0.0678257,30.6444836,22.2702522,0,423.863053546221977,
44.0921326,0.0613566,41.3739357,23.8939381,130.605152814961286,457.889274137046812,
46.9932022,0.0692701,24.4510441,21.7658062,0,5.257030495675529,
44.0215187,0.0683543,29.8708153,21.9852257,53.469605837782879,88.470288630454291,
44.4771805,0.0687547,27.8153725,21.899107,0,2.166201590791137,
44.8659134,0.0595767,37.3041725,23.7951756,353.671247517865481,214.230987838935221,
81.091095,0.0770913,13.238265,24.8900051,0,61.504944488668052,
39.1440697,0.0703946,20.6231937,21.8396912,92.479464149489885,478.670528980361325,
46.6586227,0.0692519,24.6712303,21.7924633,322.839611995698533,113.508162291600712,
44.9892769,0.059,37.0133324,24.8038197,0,1101.188340231315351,
35.5155563,0.0744551,15.585659,20.4028568,53.999032169641545,1210.934704919787464,
45.5796127,0.0642789,33.9630432,22.9687939,871.538553077754841,391.843831384208215,
44.4332008,0.0596576,39.4411392,24.2175713,105.324523920934723,62.331001365212011,
56.9343567,0.0745497,14.8002148,21.9393139,583.870339336014922,129.814592866812490,
42.2239571,0.0654172,36.8376274,23.3204861,63.537254488883342,395.812965599368681,
44.9081001,0.0623811,34.4022675,22.9283218,0,46.673134553196142,
,0.0885477,,,0,189.620757918012345,
38.4051437,0.0706274,19.8452778,21.8216839,130.232595062978959,422.029188857410134,
47.2006493,0.0675234,31.7354488,22.3927898,17.773514016776051,1.117588865259757,
39.0382385,0.0699677,22.0484753,21.9052773,931.416664571512001,618.881257787690629,
47.2444496,0.0679093,30.7307491,22.1975384,0,8.914154924663515,
34.9292603,0.0725446,15.1486492,21.5187683,0,81.610185022349626,
33.9641609,0.0724385,15.3401585,20.3111992,0,291.754962951867697,
41.694313,0.0667021,31.1057606,23.1238308,0,170.008388663846659,
38.7225075,0.0706351,20.0276394,21.7993164,0,334.422001074178013,
42.5539398,0.0657222,35.6577911,23.1697121,49.898268660646075,41.885422876460055,
35.1498604,0.0743415,15.6030312,20.4581451,39.300104294281120,632.931785226139482,
36.6324234,0.0728854,15.5015574,20.2410717,324.609271731307786,69.949606011108983,
,0.0766064,,20.5,0,13.177165316809820,
34.4695892,0.0715455,15.3297653,20.122406,148.227471226953867,110.973050873643729,
44.7098618,0.0631202,35.3666649,22.9712906,230.504305993471547,73.661622310961150,
45.313282,0.061168,32.1723938,22.8819351,96.137851769644811,300.399651088343489,
44.8421898,0.059,37.7239037,24.6274071,0,310.049010459410681,
78.2999191,0.0775202,12.9231606,24.977705,331.510121246457345,742.241028422630734,
,0.0799508,13.3000002,21.6709824,0,562.411039012329752,
44.1561546,0.0604403,41.1119308,24.1431046,360.314509251895799,59.009924930721716,
47.554512,0.0686615,27.6879425,21.8860321,0,302.207750243087048,
39.4270401,0.0699551,22.1856441,21.8916626,474.375390891977531,765.258903367499329,
35.3721313,0.07454,15.7958813,20.3677769,0,159.203332911344205,
46.665081,0.0666887,33.7075348,22.7545605,293.844281102678906,12.659626071009887,
31.5377674,0.0684339,14.5803471,21.7840652,510.121394454021072,59.023859318161051,
45.2540398,0.059,35.679039,25.1351032,0,322.875363628077935,
39.0688896,0.074506,16.0486603,20.3610935,68.062285516275779,121.284580188178012,
42.4950066,0.0650871,38.5347137,24.3384495,325.900715284013700,454.098809172790823,
33.4438705,0.0675913,14.7743559,22.4844799,644.616868348625417,133.260232981969835,
34.7255554,0.0741297,15.1890316,20.0080376,6.466781247911563,487.016411242445884,
44.8000336,0.0624698,35.2061386,22.9474373,20.700500218465745,72.458325343430175,
41.8246841,0.0662929,32.5219841,23.3477077,0,17.852859696308396,
34.4720268,0.0732211,15.1846552,21.1568108,152.867177972483290,137.681439667415674,
42.6564941,0.0648751,39.395401,23.7931786,0,357.740752255965504,
,,,,137.978012419139958,430.934168769140911,
44.8076172,0.05956,37.572155,23.891346,195.031173144839045,8.870507451023320,
77,0.0779067,13.3000002,23.815239,8.729501785159226,7.515382792264619,
77,0.0778913,13.3000002,23.5591526,120.714145718082705,20.309449045580731,
44.9903755,0.0651456,35.7891197,23.1084766,0,434.214022575732088,
44.7851219,0.0676863,32.1880417,22.2697048,0,208.470691775192535,
76.3178864,0.0764689,13.3212442,24.7236042,216.215268325808296,19.257522821988960,
,0.0758838,,20.5060005,202.304692521454655,118.013181210348307,
47.8569603,0.0684464,28.4042912,21.9681149,345.826109725727633,598.310775918094578,
77,0.0779053,13.3000002,23.7177505,0,411.821023858508227,
34.898056,0.0722217,15.2788849,21.6446075,647.896940076249507,246.540466532777998,
46.9812508,0.0682861,29.6237526,22.0021305,0,248.982296513113880,
38.6815529,0.0744891,16.0590115,20.3549881,714.686383261668539,23.949812305848351,
,,,,0.41953307,21.405621268506735,
42.5533905,0.0651081,38.2771072,23.9310169,0,291.780522263581304,
43.9822769,0.0685109,29.1422215,21.9418545,0,145.475181645327041,
37.0183907,0.0727746,15.5035477,20.2219868,0,496.341285502104768,
34.1011009,0.0699267,14.7413626,19.0375061,0,186.478680674534559,
46.809227,0.0674569,32.2100639,22.4002438,466.218910185012419,26.310308638227987,
41.7443581,0.069169,25.9773407,21.9123573,150.983168275239962,13.884622278581142,
43.672821,0.0689198,27.0810947,21.8944111,0,500.109432654313991,
38.1146393,0.0696555,22.4483986,22.0821209,235.266701212576351,476.648800058628638,
35.0195274,0.071586,16.5780449,21.2163658,0,379.222997527274742,
48.0873299,0.0689376,24.3028812,21.5052719,921.345358612956034,255.206626653214585,
38.8491592,0.0693807,23.8940754,22.1677608,43.544856118166749,96.670059904999988,
47.6308365,0.0684419,28.6336517,21.9737873,0,421.783814476786802,
34.8595695,0.074472,15.2300272,20.3162766,164.170519068449806,643.962716931543014,
45.2846375,0.0602209,33.0587769,22.8980122,884.443908645546230,12.599724750128843,
42.3932076,0.0650185,38.9326782,24.560112,1180.898377661863151,60.102896330822162,
,0.0888943,,,0,131.207751692124049,
46.6190414,0.0687511,27.4422073,21.8736897,189.205806759072829,290.415215813983934,
37.5079956,0.0722783,15.4612684,20.153019,204.363842267013013,357.824954299654678,
,0.075944,,20.5,329.781261751830243,145.319911450605730,
48.2132263,0.0684547,27.7033024,21.8854351,0,453.314440110819987,
34.9739647,0.0705674,15.1630907,19.5042057,855.427213526826677,261.862783164962536,
39.217514,0.0704816,20.531395,21.8088551,0,428.202031380148696,
48.1831703,0.0682076,28.6860104,22.0413246,53.461223615530081,878.835879800022326,
47.9166031,0.0641246,29.4661427,22.6501579,8.408589157841359,663.304203032753549,
75.1121445,0.0799352,12.715066,24.5960579,383.176003862163213,15.935007214609922,
42.3401527,0.0683983,29.2963619,22.1343365,515.279561347064828,213.291219597078282,
34.5714455,0.0742748,15.2072411,20.7411308,96.461520574716744,549.536650980387435,
35.2263374,0.0744848,15.4754925,20.4845638,515.513123341510664,2173.129908752157462,
,0.0887794,,,0,25.957706209907414,
48.0387955,0.0656323,30.5442505,22.6310177,843.345396919002724,195.370328975093571,
42.3191872,0.065361,37.0319328,23.3921909,16.375544839806906,5.686919163061878,
75.5094833,0.07648,13.497983,24.7129955,421.449205335726504,161.508144804682161,
81.3214417,0.0771845,13.0691175,24.6738338,0,716.199039783590592,
43.6406822,0.0673977,32.4981651,22.5368423,473.233163696115582,63.934180366235069,
48.2299881,0.0687893,25.4389515,21.5904598,0,195.324760830196340,
44.4924355,0.063459,37.3755035,23.0457592,0,50.014784846202204,
76.999855,0.0808646,13.3000002,23.8340855,448.048635863580159,42.450481079845801,
42.3641243,0.0739131,15.5393028,19.9814243,429.890822196375211,196.684871543182169,
29.6364079,0.068585,12.6227388,22.8778229,0,90.336595763256639,
35.3861389,0.0717296,15.9189281,21.8373127,0,234.451529698126336,
42.7670403,0.0645171,41.5657616,24.4612465,103.779756026913276,306.639554614441181,
36.9287758,0.0729199,15.7902641,21.0604076,235.494235858340971,9.856363711001118,
,0.0759399,,20.5011253,86.154428584688716,58.261913138287085,
42.325985,0.0649591,39.2419815,24.6447601,428.009197667759963,891.082556693690435,
44.9247322,0.0600285,37.0216064,23.2748623,37.803810791608100,609.374477072231230,
39.727253,0.0704112,20.8507328,21.7999706,0,456.826972205039510,
46.8420525,0.0691376,25.2105083,21.804533,0,448.999635316035153,
42.6655235,0.0648044,39.993187,24.2230396,407.449248560835656,33.037459240836618,
39.3079414,0.0689305,24.8251209,22.3853149,251.878302955303667,58.992478454940766,
38.3805847,0.071623,17.1139317,21.6731853,0,447.300540275458218,
34.8204346,0.0716797,16.3391743,21.3031559,0,740.493820076156226,
36.7004623,0.0704281,19.6201057,21.8399792,764.819830616904369,615.682646885305985,
35.4180527,0.0745169,15.7654963,20.3569298,0,541.654962415831392,
44.84935,0.064922,35.7658958,23.0945511,0,543.957332715677808,
44.543499,0.0684761,29.2651119,21.9349537,0,26.303923229150548,
39.204052,0.0745554,15.9529858,20.3573208,223.718886865763182,153.897401755974528,
34.7471542,0.0728884,15.0636921,21.3539867,878.692511241300394,4.820000918969219,
43.2179985,0.0645781,40.0602531,23.2500401,0,470.199913854544889,
48.0725365,0.0686936,26.877285,21.7868061,219.562701638254481,841.573627337131711,
35.3641853,0.0745591,15.8379154,20.3570118,0,335.694126763863892,
,0.0774614,,,61.529157456808271,96.986871856408854,
81.0916443,0.0771806,13.0929575,24.7900772,0,234.701289661329895,
47.9796715,0.064607,29.8342552,22.6386547,0,739.518917228386044,
36.3818321,0.0717456,15.4597855,20.0859718,0,216.386573998098640,
45.0123367,0.0622076,33.9037018,22.9157925,0,202.815465005585651,
33.8760567,0.0697186,14.6234999,19.2377434,358.230231993694758,359.887789127497854,
34.9194984,0.0746918,15.3582649,20.4921608,0,384.969140228277979,
42.7700539,0.0642009,42.5700035,24.6739426,0,320.464656264909195,
41.2008667,0.0739537,15.5428381,20.1317101,55.036246476544569,608.869204584254021,
38.6077309,0.0722798,15.4272528,20.1731815,0,33.257042599399554,
39.0326157,0.0744241,16.0541439,20.3671913,27.124259109052023,30.116550358258078,
34.7923927,0.0745281,15.3997946,20.2472687,51.518767878224949,45.539195610624105,
35.2233543,0.071336,16.9000244,21.3502941,0,353.284369524771080,
44.4327774,0.0652201,37.3137245,23.1603088,0,792.639332448534446,
42.5234756,0.0650783,38.2032776,23.4310989,224.893690730426272,162.385967521882236,
44.9825287,0.059,36.8833694,24.3644066,0,238.403363196476931,
48.2092743,0.0686459,26.7431164,21.7536736,389.822814041503364,222.623797035674841,
34.2643623,0.0702248,14.8873158,20.4943485,0,193.089407220699002,
,0.0762434,,20.5,0,281.960434752253263,
43.2752762,0.0645418,40.2013817,23.2521343,0,18.288349399838737,
,0.0768424,13.3000002,21.942728,2631.829400541737868,1633.262575117966207,
36.1474991,0.0707829,18.1008854,21.8609161,154.290873229457873,136.354382597489519,
81.4204483,0.0771591,13.0532446,24.4510098,0,614.705135569237314,
,,,,0,68.100817308888054,
78.1276169,0.0787745,12.7269335,24.6802101,169.551664265068013,148.413520282157833,
44.2021408,0.060768,40.89217,23.924509,0,758.370179947607767,
42.547966,0.0670161,32.1841698,22.8898582,0,37.247707469507930,
44.789444,0.0596314,37.6705551,23.7833118,97.655014260087285,133.375563482096368,
41.4730721,0.0687291,27.8237133,22.0762749,0,538.606953241369183,
38.2981949,0.074488,16.0582447,20.3495102,169.393663949404583,58.613810015444855,
44.9906273,0.0596545,36.6861954,23.5227242,240.638212170922628,34.827450865612846,
46.6732979,0.0654457,33.2221336,22.9261742,0,194.380659936696901,
38.3074951,0.0726196,15.4674301,20.2048073,106.005361178114185,499.405628491124560,
43.2898331,0.0679249,31.0879841,22.2805805,194.627632412631556,47.412591578197848,
28.8481121,0.0680107,12.630785,22.8279114,0,140.541953212489034,
32.9018326,0.0707675,14.8965654,19.2877026,0,520.906553197894141,
36.4430504,0.0717144,15.454524,20.0803642,0,429.309955823695191,
36.1566963,0.0715755,15.4522333,20.0701103,0,44.327846479489374,
48.2069283,0.0667446,30.5397015,22.5254745,0,167.749902954472844,
,0.0760102,,20.5,425.689037868618811,65.043910167931003,
,0.0827171,13.3000002,27.2874565,328.349514801292685,26.023516546982137,
40.2161789,0.0699394,22.4447079,21.8646202,308.313695225269441,215.393542508816438,
43.0214996,0.0658566,35.5353737,23.1376591,0,96.944896826706241,
47.0637321,0.0673625,32.2013969,22.4643688,72.745614562252442,41.313800967243225,
45.5530777,0.0675886,32.4212303,22.2989674,149.049863415964552,545.249660486513903,
45.945282,0.0682309,30.2049255,21.9923668,791.854520815167234,73.176772387931422,
42.5813255,0.0686874,28.3223782,21.9598732,291.131804070607473,380.120896647217933,
44.161911,0.068874,27.2425137,21.8904839,0,86.063327654692870,
45.919384,0.0616253,31.0835037,22.8561764,0,578.360150821961156,
38.8428764,0.0692582,23.912014,22.2431145,249.864761187706591,343.073737542769720,
34.670372,0.0738944,14.9521132,21.0138264,0,19.397232174250483,
46.4298782,0.0688575,26.8846302,21.863718,475.724402931898794,964.029636078685598,
35.1716805,0.0743902,15.5955448,20.4625607,409.136808662684757,1027.877528781783667,
46.3109093,0.0691646,25.241909,21.8243446,759.032764624687957,301.371871408269499,
45.0934944,0.059,37.9639854,25.3055496,479.368619533059302,576.095150822648179,
74.5071564,0.0779793,12.939209,24.7917233,1897.557018458191806,127.248785986720023,
78.421257,0.0773439,13.0278168,24.9283199,1116.572272889246051,172.368282266416429,
44.789444,0.0596314,37.6705551,23.7833118,0,8.540332081652020,
76.914093,0.080687,13.3005133,23.8844128,0,77.178379239434491,
39.7171326,0.0742174,15.7918739,20.4223003,0,118.138843560382071,
42.5218391,0.0653304,37.1910744,23.2084751,0,496.489238484893406,
38.9394188,0.0745847,16.017067,20.355814,116.082128836512197,460.082435789071326,
45.0201569,0.059,37.1972618,25.0714264,0,396.813213994822945,
42.8870468,0.0659634,35.0956802,23.1288395,0,118.394827524438170,
38.2455826,0.0739538,15.6380749,20.4884453,272.724557099191486,25.407973358913903,
45.5031433,0.0594994,32.8319817,23.0316505,846.847155856296467,373.804143803019087,
41.806572,0.0743846,15.9691811,20.3829956,1206.946361885966326,17.337064110313541,
76.5593414,0.0789353,12.5881195,24.974617,267.876834517844884,184.288311082042668,
44.1076698,0.0652454,37.6334839,23.1667252,214.997147315259298,535.518206461975865,
39.3028831,0.0700259,21.8671207,21.8877144,316.001998268380419,462.018087033327674,
42.5786629,0.0649886,38.5962486,23.4468422,467.994506578121502,197.275126629737571,
38.746685,0.0707138,19.8428154,21.7850647,162.506338055210136,605.812853060310658,
35.5745583,0.0741204,15.2714252,20.5780754,0,207.118798293392246,
42.7879753,0.0744096,15.9280329,20.34548,198.358354914576978,14.612400223373594,
46.8420525,0.0691376,25.2105083,21.804533,163.333122763892220,65.254479377300243,
39.5588036,0.0745159,15.9074659,20.3534603,1399.485240675621071,14.737596166092942,
77,0.0779517,13.3000002,23.7705383,0,20.078323255880267,
35.1249161,0.0742537,15.5997019,20.442215,0,275.625391806128107,
39.6099281,0.0742722,15.8399591,20.4080849,270.190356011788310,25.512711758074595,
42.4356308,0.0651777,38.0426407,24.3818283,407.202514323981518,626.445117917058724,
35.6480751,0.0738834,15.2541304,20.6996536,219.639853252188175,583.091688529293833,
44.6729774,0.0597435,38.2820892,23.781599,112.962312328998848,37.773479991949564,
41.8500099,0.066827,31.3757477,23.0264778,318.412258691323643,8.725704560965045,
42.1929245,0.0670274,31.6719303,22.9344864,377.116444937388053,89.062867863864739,
33.0806274,0.0695364,14.5591164,19.4067345,203.998268923757848,220.887040669353269,
38.6854248,0.0694026,23.598587,22.1755733,283.788576952007134,231.724678182017215,
74.9806213,0.0798629,12.623064,24.7345638,0,6.711225121128313,
77.3855438,0.0767032,13.5247707,24.7407112,974.659840913832568,497.022494541045035,
41.5714417,0.0691702,25.9582672,21.91716,459.020301974032918,81.013748889733478,
44.8864021,0.0599896,37.277092,23.3436146,0,474.432761382344779,
44.8753967,0.0680709,30.9867077,22.0681076,37.754144584278357,646.786427067034538,
46.128952,0.0648123,33.5453758,22.9536495,609.588335596902994,311.783758614620183,
,0.0759405,,20.5004902,346.142724159797069,27.739460805810630,
43.4184914,0.0691289,26.1187611,21.8753757,0,54.732188869444848,
42.6367149,0.064837,39.8496284,24.2777138,81.809273267472136,160.905820505602435,
43.8552017,0.0610935,42.6326332,24.4402523,491.087900388708533,70.329052106722528,
35.3759995,0.0744533,15.5300941,20.4304695,277.699376010535275,1397.584905177598330,
39.5575714,0.0704059,20.8218708,21.809536,32.565784158592692,161.924812038788900,
45.4467697,0.0596599,32.7150078,22.949707,374.234057877833379,76.954826999499133,
45.4835281,0.0596195,32.5483055,22.9556923,671.171646384451265,18.197115282274552,
35.1304741,0.0743394,15.5909615,20.46385,44.134695059554552,83.281207216913444,
34.7901497,0.0723541,15.2256155,21.5719013,347.631260436439902,7.189521366527525,
75.0753632,0.0796334,12.4890928,24.9120712,0,7.384844399291679,
34.9848251,0.0747038,15.3672132,20.3989277,0,132.398719424265607,
41.4268112,0.0674583,29.7365685,22.8654652,0,170.954690741936560,
34.2273026,0.0720771,15.3556299,20.2523479,478.412384613746895,31.242374096523047,
35.3878212,0.0745473,15.7810221,20.358242,0,773.852382002236141,
44.9983521,0.0609235,35.5338554,22.9315166,117.500116699534132,95.114089880300099,
38.3863678,0.074426,15.9789743,20.3628292,255.118135524064144,307.118738980715591,
,0.0774444,,,21.528993512410910,117.922750229376646,
78.1276169,0.0787745,12.7269335,24.6802101,169.417238695669738,42.938150823019839,
46.5892639,0.0690565,25.7273483,21.8314743,298.506907416449621,12.364832674528383,
44.9310379,0.0592194,37.0679588,24.0512981,0,615.614813964251312,
34.655468,0.0715099,15.3376379,20.1165943,252.658215694637505,246.760499479613486,
45.6314583,0.0590012,33.1441917,23.3246078,467.682997034421760,122.370317587752268,
42.6737175,0.0648364,39.7198219,24.0071239,187.459760988969720,269.043529291999846,
,0.0758525,,20.5,140.619348057986429,14.704764155539232,
,0.0887366,13.3000002,27.2999992,248.825948824891924,6.649167817735678,
42.9315491,0.0640981,42.9065437,24.5979862,347.903683890915318,227.108687138633201,
,0.0828263,13.3000002,27.2982216,0,55.430167026829587,
,0.0805482,13.3000002,21.9930706,0,724.917122495543367,
37.5635376,0.0700986,21.1416626,21.9354267,686.986178634127100,22.017433959709166,
39.3941231,0.0743851,16.0208626,20.3789101,1461.444957358719421,35.223636646143689,
42.5992203,0.0645926,41.2401924,24.6212425,15.543846249624353,243.942696676691867,
33.7078514,0.072258,15.2656956,20.095541,0,188.737885861826442,
,,,,426.200426442762819,234.414242516304341,
34.839489,0.0705818,15.1556063,19.5060902,448.359352367151530,40.396266398489253,
48.5262222,0.0683752,26.7024117,21.7189198,43.353594743190015,425.399059215981197,
35.3673172,0.0738629,15.0887299,20.8353443,0,294.717053677742854,
47.0553207,0.067763,31.2767849,22.2583065,538.566715421346771,97.199942729515115,
42.875946,0.0644138,41.9815559,24.331068,0,1186.756928238449291,
47.2591629,0.0691115,25.2460251,21.7796974,0,594.334178412138954,
35.1827431,0.073143,15.0642214,21.263546,0,136.616487515801424,
45.8535652,0.0640637,33.3732986,22.9332142,0,533.360623382611493,
77,0.0779342,13.3000002,23.8147202,0,402.467413032240472,
37.4404411,0.0721201,15.4486752,20.134346,117.707663998433162,63.106659177210020,
,0.0772178,13.3000002,22.4370365,3218.566706308245102,170.262808281811317,
76.1824493,0.0808058,13.3550158,23.895504,0,97.903387586352579,
,0.0760402,,20.5437164,246.543204344566846,143.920130866894368,
78.7723083,0.0771727,13.2280693,24.8617344,0,442.665565443946718,
,0.0887132,,,69.789218049919668,111.013976401046079,
48.8010101,0.0676102,27.4332523,21.9128056,0,740.211251247101472,
,0.088493,,,184.082930301612521,18.556970963037859,
45.1945724,0.0665473,34.8197975,22.7955246,4.741003644692388,763.486884681549554,
42.5965347,0.0650095,38.7698021,23.8867168,0,107.785229161785026,
35.9118614,0.0737831,15.6045065,20.3383999,275.508397842460624,106.631242343390241,
41.4158325,0.0670766,28.881319,23.301281,0,22.133966946289217,
34.8476791,0.0747013,15.3534546,20.5809231,0,263.469926088881834,
48.4674339,0.06843,26.7771053,21.7328987,441.246709289037767,336.425344797118555,
41.0127296,0.0741191,15.5406723,20.0932846,196.614561042375527,333.083704033655465,
42.870472,0.0745479,15.8730316,20.2461205,1079.455035795822369,245.134180352843600,
42.5270576,0.0694498,24.6661644,21.8547783,15.591893179765155,474.990288840808887,
45.5328674,0.0694349,24.0496235,21.805769,71.566340118413819,340.656516554239374,
,0.0764279,,20.5182858,0,11.025869601218286,
43.9326172,0.0683468,29.9009476,21.9924679,155.473146459517778,115.071647186964753,
45.0098534,0.0645586,35.1378212,23.0399799,147.394751662256425,350.696816094111284,
34.700737,0.072249,15.4095182,20.2511272,0,116.122104733235787,
44.8849449,0.061477,36.1817818,22.9468975,0,182.884922735651315,
43.3503189,0.0645973,39.9046021,23.2422733,0,339.233030391350098,
35.4694672,0.071028,17.5336037,21.4607048,888.249739937847039,352.586189957632143,
45.3051605,0.059,35.8087769,25.3838024,0,190.054422344165658,
37.6409912,0.0728136,15.5122299,20.2276707,572.014789605251963,8.019891425045113,
42.5762482,0.0650337,38.7387009,24.0872841,0,365.474854848697589,
40.7359619,0.0697218,23.4141693,21.8727818,0,144.919548743439435,
45.1584587,0.0598023,35.2596169,23.1277485,118.248008612229555,345.645876117195371,
36.5595779,0.0731658,15.6311111,20.9564323,0,523.117984904743821,
,0.0769203,13.3000002,22.1330166,3116.988209377699150,1064.841355481826895,
46.9005432,0.0670392,32.9502258,22.6110382,1011.889290074064434,54.874666866994865,
42.6916313,0.0647712,40.1353493,24.1675396,559.330563162615817,226.542303990353986,
,0.0782706,13.3000002,22.9982185,0,68.980319119231254,
,0.0834692,,,76.423894468923351,110.057835437797507,
34.921463,0.0733995,14.9236355,21.1851978,282.769862357035549,393.697409867188924,
44.0864754,0.0687995,27.6358852,21.9006348,111.635343121744853,111.494728986795579,
,0.0818215,13.3000002,26.1075191,0,160.169391547994536,
46.8608627,0.0689608,26.2088108,21.8380413,307.661405406080689,90.571563020109878,
43.6490059,0.0677157,31.7884159,22.3561115,205.573998569897668,429.983478394123836,
42.4218178,0.0684088,29.3109169,22.114397,502.403253929070047,93.853511483408269,
45.4930267,0.059,34.5354118,24.4218674,504.681345905211288,1028.064163924988861,
36.0558014,0.0746572,15.7826309,20.2921467,0,312.525030491353789,
46.9074745,0.0626397,30.1938229,22.7915401,0,586.764992019493093,
43.1345596,0.0638486,43.3216972,24.4961414,0,672.347838429171929,
45.3493538,0.0602865,31.5274124,22.8858566,0,1212.748620921596057,
,0.0808745,13.3000002,23.6567802,93.000341857266505,109.620562628523388,
,0.0760699,,20.5594788,0,81.450327518211097,
46.9368286,0.0739688,15.2486925,19.6369781,74.870323035640553,335.990125105678999,
35.3082123,0.0744798,15.6696501,20.4138927,29.063494781281197,1036.633311132271047,
35.2340546,0.0742914,15.6505508,20.4154625,0,335.831986838695855,
45.8386345,0.0684604,29.1625824,21.92202,0,1107.751488017005840,
35.6756973,0.070784,15.1661749,20.1398182,0,160.123471396939095,
76.4151917,0.0791714,12.5741777,24.9439201,449.889680486204952,6.013463029763766,
41.5928612,0.0696497,23.8029995,21.8546505,882.825197306338737,490.633568666496387,
46.1987076,0.0694094,23.9732971,21.7851238,0,424.172960810617269,
39.0598259,0.0717252,15.361166,20.3684101,469.135989771514062,51.238484389290022,
42.3918343,0.0669496,32.0968742,22.9365749,247.660279956506002,206.255258049658607,
34.8643875,0.0743914,15.212203,20.1979542,0,232.522201233476210,
42.5690041,0.0656193,36.0550461,23.1799202,434.297284279264318,539.689963800396640,
42.1621284,0.0660189,34.2133064,23.15658,0,117.093594344808366,
38.4197044,0.0743588,15.8678312,20.3782673,137.654230169573879,57.745069063179983,
,0.0849653,,,103.251670554690136,8871.584436339293461,
46.9750214,0.0693905,23.8208675,21.7387848,193.926824236562851,785.567014447480005,
44.9172554,0.0590053,37.1750221,24.308712,397.269048806766534,22.082156148451261,
75.0680466,0.0800036,12.7718115,24.4987431,213.042574187007716,12.346564097612132,
46.5087204,0.0669502,33.4559135,22.6327553,178.376382211231203,35.345757691619333,
74.6879501,0.0797102,12.4716825,24.9051399,0,145.576976136518397,
44.6109505,0.0630464,36.936306,23.0103207,0,598.260384862155433,
34.2643623,0.0702248,14.8873158,20.4943485,0,558.679967015485090,
42.6285858,0.067049,32.2249489,22.8641987,158.049550856881353,17.212446765568600,
35.4852829,0.0742167,15.6690941,20.3715324,371.954775140101901,200.465881280162733,
44.484539,0.0646781,36.3319626,23.1011181,0,477.155472384560994,
47.9581032,0.0671418,31.118845,22.5409393,0,242.370423059085681,
36.6392632,0.0731871,15.6378946,20.9325027,266.297259455975222,116.142631630946681,
47.0566826,0.0682032,29.9022217,22.0419636,0,608.287814554987222,
33.1643906,0.0695989,14.5344086,19.3919964,221.357278109948595,11.251428173790247,
,0.0815407,13.3000002,24.0251598,308.515447007167836,55.084023585329149,
44.9908447,0.059,36.8725853,24.5209541,0,74.076557062599505,
33.7307129,0.0718847,15.2508774,19.9687672,106.331572437823638,10.201938215462391,
45.184185,0.0599196,34.6456451,23.0006561,953.080391257915153,280.100734327466853,
44.7287865,0.0597759,38.0381699,23.6825562,497.912556943067784,83.960367799204590,
,0.0885782,13.3000002,27.2999992,0,3.247739226718102,
41.97929,0.0678529,30.1083469,22.5668964,0,682.074642243916742,
45.0320778,0.0651154,35.6646385,23.1002312,0,1387.928372267574332,
45.3258286,0.0596355,34.1704826,23.1203194,1002.227265535554011,66.206604752497512,
35.184803,0.0707989,15.296854,19.8884392,110.465846644352965,28.650004002321005,
41.5270844,0.0695786,24.1013947,21.8657207,1368.596507519053148,386.837024440850143,
48.712471,0.0678045,27.6266308,21.9152813,0,365.159214046001011,
44.9377708,0.059,37.6079559,24.9494267,0,280.521116396650996,
48.3783302,0.0678653,29.0201797,22.1403503,15.397287165700595,7.368932291836203,
,0.0888774,,,0,168.798805598903698,
43.6091385,0.0649226,38.590683,23.2136631,0,207.195885204371308,
42.7003021,0.074195,15.5240011,19.6616058,0,460.300903544175355,
47.650177,0.0658886,31.6573124,22.7473621,0,292.930287599990152,
42.3191872,0.065361,37.0319328,23.3921909,0,306.081032255882235,
39.4994583,0.072543,16.1609802,21.0664062,561.511303707198977,278.610337369864055,
45.5530777,0.0675886,32.4212303,22.2989674,121.539015464666406,560.090215358455339,
42.8923187,0.0643088,42.4446983,24.4962597,0,428.687267686405448,
47.7934074,0.0662711,31.5369873,22.7046394,0,547.258357439101815,
41.5104256,0.0694428,24.7077351,21.8844776,442.721034782864194,371.966081504636520,
42.2432899,0.0664531,32.9322929,23.0785122,0,345.081851371801463,
,0.0762231,,20.5,0,10.777796105679897,
75.4603958,0.0795446,12.5106173,24.917305,658.623142365636909,46.366188258567682,
45.2714386,0.059,35.4966278,24.8605118,0,517.444049059918825,
35.4852829,0.0742167,15.6690941,20.3715324,821.414143012785644,224.885599133855948,
46.1599579,0.0619693,30.9856567,22.84589,29.271931618041037,155.026582990083824,
76.9601822,0.0777179,13.3001499,23.8052769,125.267153742966300,235.390786272640497,
76.633873,0.0787612,12.6076603,24.9803009,408.495491663110101,225.197604405498709,
42.5147934,0.0651451,37.8704948,23.5509644,117.065167009446043,218.477815265755225,
35.5667839,0.0709369,17.7308884,21.5097504,584.862537576154864,243.873618330413450,
46.9646797,0.0694464,23.5109787,21.7249413,0,94.779996061358958,
59.6687126,0.0744201,14.9439468,22.5303249,0,96.423564362224354,
42.3603058,0.0652399,37.6247635,23.3440266,0,460.226825965442686,
42.3147697,0.0688928,27.3103733,21.93009,0,106.937938817824815,
34.6512375,0.0742801,15.2331581,20.2704201,0,208.271694008446360,
38.2443771,0.069679,22.6825256,22.0648327,454.163410055801364,290.599156753486682,
54.6819916,0.0738769,14.9312105,21.8206806,720.928659116215954,88.128647426250723,
36.0130272,0.0742584,15.49014,20.4442654,274.537281408576348,1485.455344364795565,
42.5586433,0.0647824,40.2206535,24.5221558,395.812110322689875,963.705673851757524,
47.8161774,0.0646608,30.3279915,22.6805668,90.472637482987636,582.719149936812869,
40.5861473,0.0700147,22.258091,21.8424263,407.985617271375475,143.599129646294301,
36.2104874,0.0735796,15.4522324,20.7603664,0,394.738446517650686,
35.0810051,0.0705319,15.0223408,20.1740284,0,71.630400891990547,
,0.0760322,,20.5587635,265.887482718069066,124.782522003690318,
,0.0758777,,20.5088692,96.806709431094646,56.636371626483943,
46.075901,0.0740843,15.221509,19.5975037,52.495424315045646,457.671319098463471,
45.0351219,0.0660477,35.8135605,22.9699078,485.627553521838195,114.461497449865846,
44.994854,0.060288,36.2136154,23.0602283,0,925.547392690840184,
48.4862518,0.0677514,28.8505154,22.1293678,48.608744675952835,345.757970036600170,
32.4091568,0.0694362,14.4809952,19.4855118,71.787609761672613,124.388260819639342,
35.1674805,0.074511,15.4201536,20.517868,0,1492.979188434524758,
48.2450142,0.0687529,25.7440529,21.6232185,0,774.063563555740075,
76.1357422,0.0792524,12.5462914,24.9515495,675.599075079194563,19.864608407815268,
45.3176804,0.059,35.2635498,25.0646515,241.713876713198943,36.967077765025131,
46.8995056,0.0685178,28.6296482,21.9184532,0,80.162435100502663,
45.6859436,0.0607413,30.3855572,22.8601551,1533.774197488324944,332.171711229198706,
48.1306076,0.0688894,24.8959618,21.5568829,464.636204366560946,302.108242340694517,
42.5005875,0.0645979,41.1871262,24.6851768,677.969529414288786,113.150400695040915,
43.9668922,0.0681561,30.6336536,22.0751514,0,761.121940518063070,
34.2972908,0.0702091,14.8930483,20.6250477,0,511.030375790772439,
33.6827965,0.072562,15.1932936,19.7830906,0,259.435922368799709,
45.1432228,0.068112,30.8171272,22.0428677,0,511.694652142658526,
48.8514442,0.0670518,27.7365818,22.0566673,608.055119274855201,196.983530887737771,
45.5725975,0.0656769,35.6618538,23.0678921,9.117090639784884,170.442644197505729,
77.359314,0.0785947,12.6736603,24.957346,0,275.108300163074034,
33.8467674,0.073229,15.2514305,20.1737862,58.158994922912846,78.601047141146609,
38.2892418,0.0744479,16.0109653,20.3573437,405.869836797046275,254.875790343704438,
35.2084656,0.0729878,15.1155634,21.3304844,0,61.550810706443428,
46.985817,0.0684532,28.9074039,21.9405479,263.172530346579947,203.022515390710652,
76.8676147,0.0784647,12.6633739,24.9703789,30.021638702511098,322.616875442394075,
47.759552,0.0641884,29.9948654,22.6857624,0,818.394107195711513,
55.3032227,0.0743253,14.805232,21.5709782,0,61.981412791844562,
45.3995552,0.0731028,15.3869505,19.9384995,134.422741184952827,146.784292433059250,
75.2605286,0.079541,12.4823341,24.9363537,740.450523547970533,166.087918009725655,
,0.0888652,,,0,335.877686100719075,
39.505928,0.0704043,20.8078728,21.8127785,0,567.438895543103058,
45.0623207,0.0607767,35.0011215,22.9184093,452.839649964200930,11.841973559921511,
,0.0758269,,20.5030289,408.961939214948416,57.558585741123821,
42.9072037,0.0643599,42.234375,24.3607426,0,1116.702135472077771,
44.5649719,0.0595078,38.8071098,24.2884674,42.801977946106064,1.703017365221399,
47.2591629,0.0691115,25.2460251,21.7796974,0,613.089996766103013,
42.4127121,0.06524,37.6945534,24.3729591,0,487.663205095690046,
35.0879402,0.0739925,15.0873137,19.5350018,0,150.857938816119827,
75.4840622,0.0790796,12.4978981,24.9457588,1180.760684994781059,96.835023621112370,
35.7888451,0.0737747,15.3101625,20.7264462,0,57.103386557438085,
,0.0848172,,,0,9169.938261646730098,
81.3445969,0.0770509,13.3235054,24.8923416,0,106.460559382638408,
47.8552055,0.0691004,23.8745041,21.5425434,164.886849061853923,126.676724285032165,
44.5240364,0.0638847,36.078125,23.0302868,307.817854508397488,154.329985507335579,
34.3856201,0.0741696,15.2889423,20.4493866,0,346.932933564970426,
34.9938507,0.0744808,15.2038336,20.1828842,112.892480350928082,83.728216475080501,
45.2295952,0.0647583,34.9233856,23.0399189,947.849314617707478,64.749877186222918,
43.5799294,0.0683165,29.9927273,22.0282135,619.788818801195021,32.254933556713972,
45.0519524,0.0601997,35.6837234,23.0235462,0,233.696626956571095,
42.2797356,0.0744356,15.8546696,20.1845245,605.407270856119453,9.003806487219070,
45.0712967,0.0650777,35.540596,23.0914421,0,1164.968990968071239,
47.2053528,0.0693796,23.682766,21.7026329,343.573362206978459,612.719827297558822,
44.7905846,0.0678208,31.8029575,22.197464,0,782.220067295089507,
35.3750114,0.0720507,15.6260595,21.7402039,501.586407757979146,286.110254548326509,
46.1283112,0.0641883,33.0446968,22.9156399,0,495.642756368006246,
34.7598152,0.0744343,15.4946947,20.0026817,298.867322677273421,151.551385261178694,
35.4114647,0.0743092,15.6881447,20.3788242,193.582219561841896,141.727495524322848,
,0.0763277,,20.5011806,0,173.078911201208001,
39.6612816,0.0702407,21.2483063,21.8448982,0,87.791631080233373,
44.4826889,0.0654322,37.1110764,23.1277924,1173.160097538601349,201.701048062647260,
42.3912048,0.0663673,33.3730087,23.0864468,809.065028345982910,147.995602929166154,
47.8534966,0.0672082,31.3093548,22.5431824,0,60.532095249651867,
,0.078069,13.3000002,22.9261131,44.143769928963223,71.997752932086755,
34.8420448,0.0740605,14.8767443,20.9559288,441.146660475825854,191.600265674593260,
38.2502556,0.0743517,15.8416882,20.3792133,0,172.173735097159437,
39.8652191,0.0720478,15.3735819,20.2520981,430.625699328391704,155.640346405025525,
45.1002045,0.0606074,34.7544441,22.9157047,91.097006583903863,75.835561842934212,
41.3770714,0.0671021,28.9280624,23.234333,0,351.195024954325277,
42.3647385,0.0658265,35.1304207,23.1648178,263.802465483740093,353.190355728065981,
48.2477112,0.0681803,28.6070938,22.0351257,98.332801149909557,714.454135601813732,
,0.0759962,,20.5469494,211.603362042866024,101.553106234570976,
35.1889534,0.0744841,15.2757788,20.5522842,313.966674837607286,1124.834732219817624,
46.4224281,0.0677766,31.614912,22.2163849,484.223972794742338,132.113566513294870,
40.9043617,0.0695845,24.0248985,21.8854523,0,142.190940944978905,
35.6667862,0.0737454,15.2595978,20.7797604,0,53.632208354231160,
35.6822777,0.0745112,15.7180433,20.3639145,226.021462582458724,410.563573461707279,
55.7482338,0.0742988,14.8385134,21.7890053,0,19.134119790764053,
46.9582787,0.0688498,26.8195267,21.8532944,503.662691551406681,513.504008131127648,
,0.0801404,13.3000002,22.131897,50.357936060809045,236.977419864346615,
48.5262222,0.0683752,26.7024117,21.7189198,169.625702638710237,160.296191535683079,
44.620903,0.066853,34.1301918,22.6988068,371.108930148971808,396.630756231922987,
44.6109505,0.0630464,36.936306,23.0103207,0,740.251875772204471,
34.229866,0.0738067,15.2311754,20.1650658,68.100691280103106,177.211356506848944,
77,0.0779526,13.3000002,23.7732735,381.316098787203998,97.704454722375729,
75.3952637,0.0796863,12.5619411,24.8369045,0,144.492853886741102,
34.786499,0.0728689,15.056776,21.3691368,207.397696745124961,145.236766114814401,
44.2616844,0.0632339,39.6767235,23.1931324,449.702206397859641,380.549733032128586,
37.9765816,0.0695521,21.8117943,22.2026501,1984.554550249353724,731.313028136718685,
48.4472466,0.0681486,28.0456963,21.9517689,0,457.347207341641024,
44.3363609,0.0637595,38.2676392,23.0981903,0,520.126322509037095,
33.8996277,0.0720239,15.3048429,20.1833954,54.049589619504324,174.152400708662526,
47.5834541,0.0642538,30.500349,22.7230148,0,564.323477833767470,
,0.0822284,13.3000002,27.0956039,54.571638498763797,115.070732397526754,
,0.0826078,13.3000002,27.2824211,0,29.712495240509796,
43.0214996,0.0658566,35.5353737,23.1376591,9.522415173537437,191.644448220946828,
43.4171524,0.064814,39.0198708,23.2275753,0,8.543932161094387,
45.3083801,0.060418,31.7836876,22.8860588,26.838159004681824,462.929927543567089,
42.4954376,0.0686866,28.3200169,21.9661064,33.197806746361422,5.659653329693602,
39.6805038,0.0694108,24.6041355,21.985508,1435.531782300842906,230.464888161236956,
43.0719376,0.0641024,43.0277786,24.368536,0,157.307948590782104,
42.5098495,0.0654276,36.7888184,23.1998158,0,142.662881379849665,
44.3681641,0.0598251,39.8365555,24.1429768,67.282783774746022,236.428838000859145,
45.595314,0.0633614,33.2791672,22.9193649,0,443.967324590780265,
37.0910225,0.0704862,19.4690456,21.9089508,329.444395675090561,201.687334401337438,
42.2432899,0.0664531,32.9322929,23.0785122,0,491.803326225329954,
41.9958344,0.0695825,24.0977154,21.8516598,22.468299647557224,499.185011347663021,
44.8226433,0.0597555,37.5695686,23.5904198,458.486856345823185,47.715705108024380,
34.6157608,0.0742477,15.0308466,20.9042835,0,174.537553402792639,
,0.0759185,,20.5230217,154.639486094785411,45.806114802786624,
39.879364,0.0693398,24.953371,21.9914207,1141.091540836235026,39.427791511869792,
46.5638084,0.0676776,31.819809,22.2735481,0,280.728690097474100,
35.3507767,0.0708278,15.2816067,19.9548588,0,459.545783142570542,
38.2416115,0.0696446,22.7015743,22.082283,638.481739444320397,106.552613204635605,
35.1990166,0.0743929,15.1321526,20.6150455,0,385.387869453478004,
35.2836456,0.0743669,15.6975126,20.405098,0,591.182875258248714,
34.9526405,0.0726625,15.111228,21.474165,0,77.331107405624593,
39.9441605,0.0743513,15.9866018,20.3931274,471.106387481480965,480.266161472705051,
34.9330406,0.0709093,15.2765198,19.8588314,0,372.983737946104952,
76.7896957,0.0789967,12.6098881,24.9436264,315.557080516374469,54.029306162825655,
77.870575,0.0772506,13.2306395,24.802063,249.243300569735680,50.300656360084830,
45.3826523,0.0596053,33.7124481,23.0876236,403.383926292614092,90.444710072723581,
42.8275528,0.0664788,33.6328087,23.0291977,80.796439971557447,705.279232109758595,
74.5621109,0.0783142,12.7967815,24.796545,602.236341809316173,355.324591460956015,
,,,,149.445989437655754,76.980343571724376,
32.6130524,0.0696068,14.5573111,19.7592907,757.452349615759772,21.271700877206737,
47.7330475,0.0678308,30.4668407,22.2762547,11.416960180334206,12.636300563502594,
42.1506119,0.0648528,39.7478218,24.7484665,53.586981502102269,423.701722409115916,
41.3260345,0.0698697,22.9038467,21.8368492,1566.514657684060012,148.105837870413382,
38.4051437,0.0706274,19.8452778,21.8216839,40.950280382394084,400.187409128743070,
34.2399063,0.0734041,15.1328773,19.6219254,0,314.258494106265459,
44.4704437,0.0652846,37.2748108,23.1511574,0,304.269003193826450,
45.1429482,0.059,36.1780205,24.8627319,0,716.050953257156721,
34.88937,0.0738216,15.0790443,19.495245,0,139.673997497353980,
46.3806381,0.0639247,32.4450874,22.8795967,324.486491766424479,251.980945942492582,
41.5806999,0.0740997,15.5284548,19.9979191,22.296754258398156,719.694602254922529,
45.477829,0.0684184,29.4354763,21.9333057,1115.780509968865772,115.684890490163710,
35.0944595,0.0745625,15.2122564,20.6074734,21.472491263460864,199.511806005065552,
35.16716,0.0724796,15.260375,21.5626373,104.305368568070620,566.392082286027971,
43.3437309,0.070369,20.1679211,21.7094994,707.153800054039607,98.142684435612637,
76.9968491,0.0806311,13.3000002,23.8701897,938.988550206248988,56.585331912470288,
41.5601578,0.0685082,28.4605083,22.2099857,78.990067890720979,522.349623435676449,
44.7518234,0.065605,36.6920815,23.0882645,1445.466637419500557,170.212799480106611,
45.4672241,0.068491,29.0657959,21.9183445,1104.937536663280071,346.557183406238835,
80.7415695,0.0769823,13.5333776,24.9765072,0,60.096666663624418,
,0.078208,13.3000002,22.781971,256.545165070293365,59.574968697300754,
45.3581467,0.0651991,35.1891022,23.075285,39.769134650267887,766.637915395848154,
,,,,67.332857991220351,123.180518639275448,
74.5889664,0.0778271,13.0068598,24.788702,1493.060495587460537,45.570701604841474,
38.4638062,0.0725203,15.451642,20.1930103,0,265.895601926516804,
35.6002846,0.0707295,15.1269035,20.1640396,0,362.184918383849492,
40.6023712,0.0690378,26.3538971,22.0421772,118.009182394314763,451.639623025775620,
36.7385025,0.0719874,15.4671202,20.113163,0,95.350097561542498,
44.4054604,0.0697236,23.0216103,21.7907352,0,524.239335178855526,
39.6264877,0.0694868,24.2872219,21.9569359,1506.289095513036273,263.440902691901499,
47.8316345,0.0675522,30.8957405,22.4101315,311.980664232587571,56.440295570134040,
43.5762901,0.0702971,20.439352,21.7166271,739.638324117291290,42.068941802839696,
34.6571312,0.0716839,15.3554764,20.1595936,0,456.277741244940557,
48.1922569,0.0687458,26.1162415,21.6791172,0,176.967276028799546,
45.4561272,0.0685604,28.6989098,21.9076252,924.222802212354622,332.665769520147023,
38.2416115,0.0696446,22.7015743,22.082283,584.881620562193234,94.290236390429783,
,0.0771233,13.3000002,22.3470001,0,1960.508968746814617,
48.5087814,0.0670652,29.4585457,22.3218842,1713.455396046491160,723.488650026274286,
34.7864761,0.0746988,15.3313494,20.6629639,0,260.117345266354050,
35.1600952,0.0744698,15.1718416,20.6006927,0,56.851650751296241,
59.6115761,0.0748383,14.8133621,22.4653053,891.714581054842711,220.173643996679459,
34.9862328,0.0742759,15.5329943,20.4811649,0,146.229462258360343,
59.4926224,0.0748672,14.7938299,22.4135418,1284.658086262471670,9.230609416858263,
47.2976685,0.0688264,26.8871746,21.8457527,0,649.359942888390719,
44.7098618,0.0631202,35.3666649,22.9712906,264.874690481221023,4.721423260848666,
32.4025497,0.068792,14.7546892,21.5428467,156.095507859270896,151.043306591319521,
35.3145638,0.0744638,15.7591505,20.3930931,274.517961874924765,555.245983343331318,
36.590435,0.0703632,19.4904499,21.7782497,604.905195848742665,457.830833412955883,
45.0692101,0.0627015,33.9345055,22.9259644,0,466.256202649674947,
34.2687225,0.0701081,14.868247,18.9935093,0,151.407711125618221,
35.2009087,0.0728459,15.1494656,21.3956604,70.767293733040901,102.061886562812347,
42.1309433,0.0657634,35.2284584,23.2020874,482.836438529529914,316.252423924718016,
36.0764885,0.0745232,15.7920771,20.3458328,254.774357251501300,45.910651444530984,
45.162468,0.0599043,34.9306488,23.0353909,774.218961507036965,186.634083269420302,
35.2263374,0.0744848,15.4754925,20.4845638,372.620966812020868,2463.659369631391655,
,0.0885315,,,0,1374.059293364116229,
39.1840401,0.0688569,24.2393055,22.4790478,61.764275690993145,632.252212171846736,
47.152317,0.0692734,24.3477421,21.7466793,0,151.069868592298803,
36.1918335,0.0732384,15.5264206,20.9709339,184.289229644457663,57.652361620059793,
44.2000809,0.0683694,29.8022785,21.9723835,52.174480219636123,38.042603326315884,
39.9038239,0.0722595,15.3962193,20.1956921,192.077889500163025,202.686720188933720,
34.6704865,0.0727819,15.1247835,21.3763485,1173.168911918739468,689.419253588066908,
45.1311913,0.0613194,33.065773,22.8948746,0,383.644525849837862,
34.9665947,0.0708004,15.2591352,19.7678547,85.375499908196616,61.533484084979506,
34.2671394,0.0732233,15.0518465,19.3897438,22.142119676210495,223.214318764884723,
76.2384109,0.0791809,12.5539007,24.9590378,1320.928390916704757,156.957809837214569,
35.2730446,0.074471,15.5428114,20.4523354,780.480794289044070,2070.324200803148415,
34.7634392,0.0744694,15.4307051,20.177702,46.580271487050318,73.858744857959252,
35.177269,0.0719985,15.5197601,21.7569809,183.651363714462178,133.708432466112299,
35.7462959,0.0737635,15.2936277,20.7444992,0,128.958583320242070,
34.3152466,0.0737978,15.2052717,20.0296135,105.125029638355116,148.341197994218135,
35.1803131,0.0725958,15.2223253,21.511919,138.828219239043307,358.766330496576927,
34.7185593,0.070906,15.2640276,19.8317585,294.297673349969045,115.524474802519848,
33.9369011,0.0734362,15.2571659,20.2279167,0,490.937088512505795,
42.0652313,0.0665606,30.3345146,24.1975956,753.215834132736518,133.244529167787192,
44.7172432,0.0628629,35.5315018,22.9664669,0,65.644836447607346,
74.9806213,0.0798629,12.623064,24.7345638,0,32.056743583290540,
35.3910713,0.0711271,17.3413963,21.4065685,894.545811248567929,477.276773953972906,
,0.0763373,,20.5,0,391.427680698526899,
44.5617371,0.0594417,38.9257507,24.3817406,261.905039752756693,196.554856755004636,
76.692009,0.0773979,13.1742182,24.7857895,198.379963651503289,190.916372557502257,
45.6062889,0.059,33.9828911,23.7800274,147.157974338179230,139.370776253554311,
46.4796906,0.0676609,31.9089394,22.2784176,470.237912900345975,382.991895201149134,
42.5762482,0.0650337,38.7387009,24.0872841,0,535.452827467462271,
45.8501625,0.0609879,30.3072586,22.8532944,800.372354756959908,369.850968067920633,
75.1622772,0.0794904,12.4569445,24.9573135,1494.512625384900502,54.071948064826515,
40.4010391,0.070091,21.9561462,21.8377476,0,330.318507519256400,
44.4499359,0.0666303,34.5525932,22.803463,218.398601682293048,209.596034912647241,
44.0836449,0.0678105,31.716795,22.2526798,0,204.451769498681642,
34.5856209,0.0739703,15.0215626,20.9752808,0,188.704231032928362,
32.3679199,0.0695159,14.5315943,19.7722416,0,51.945266863266610,
42.7873268,0.0659525,35.0438156,23.1351566,0,418.776834553137746,
41.1640854,0.0699451,22.6038246,21.8320446,1053.427042457190055,129.514785079290220,
40.6172485,0.0697929,23.1046906,21.8678646,61.551976130512870,48.659258916203029,
42.6257477,0.0649216,39.0207443,23.6018028,903.213277543520576,724.204576402512089,
45.405262,0.0618851,32.5402527,22.8876247,555.862848420146861,455.562861377207014,
35.3624229,0.0739886,15.0949049,20.7605801,0,34.990483091700654,
47.4445877,0.0681494,29.8405285,22.0952625,0,1217.741411468906335,
43.2960854,0.0683872,29.6772118,22.0194626,161.564206868141184,145.213088754293182,
41.6332779,0.0667316,30.5832825,23.2384682,0,63.171773756499476,
33.8164597,0.069694,14.6116714,19.2695713,1122.510809471987614,140.105268349488028,
74.8588638,0.0795332,12.4291592,24.9590168,632.933725335487793,98.750532397916444,
76.1738281,0.0791143,12.5455141,24.9729862,1505.692307720978988,131.121967596124904,
32.1435089,0.0684057,14.6315842,21.8359108,71.756141836069119,21.484665486402552,
40.2048149,0.0691883,25.6402435,22.0227337,0,306.556754428757813,
35.2214127,0.0746301,15.1991558,20.1054993,0,331.450524043062217,
42.2454948,0.0681141,29.909111,22.3408241,0,415.016069711125454,
36.5588875,0.0706393,18.7470016,21.8902931,0,76.878575973826827,
36.014637,0.0706608,18.5011539,21.6752377,106.323410470067145,132.467397822507110,
77,0.0779179,13.3000002,23.8028946,38.201293768984478,28.311300316804292,
37.429142,0.070172,20.8413525,21.9215717,0,0.591983389,
38.9933548,0.0739804,15.6738005,20.4776325,294.424270919930620,12.283103595787747,
44.0681953,0.0680592,30.9757175,22.1171017,0,884.098891019607095,
77.8669815,0.0785364,12.7093229,24.880537,665.975164104704277,271.448226284090651,
34.4828568,0.0733861,15.1538057,21.1051502,0,281.718240342162346,
42.0953522,0.0648804,39.5704765,24.7574043,0,878.363463565388088,
41.9762306,0.0744228,15.8446064,20.1732883,226.074462690097903,191.158028687656298,
45.2687645,0.0596626,34.6389542,23.1567383,31.696156080663570,24.086209417556514,
79.7851639,0.0769605,13.4885082,24.891573,100.290925085797284,357.170893496662188,
75.2256699,0.0768202,13.7190571,24.4362431,0,845.785823933403663,
42.5520973,0.06507,38.253788,23.5661316,186.495122212672953,177.112713596329087,
77.2310562,0.0778619,12.8269873,24.8882065,339.879600058570077,71.399171826251532,
44.2643852,0.0649985,37.1556549,23.1659756,104.712718192830707,400.318293363088060,
44.6989021,0.0698014,22.5283604,21.7744141,497.293791899301482,236.299119912586264,
75.0268707,0.077684,13.0646687,24.7865009,308.989838351967137,266.091352708298473,
42.6296997,0.0646151,41.1180496,24.5733929,67.266730267616637,388.892354003800790,
35.9987183,0.0733546,15.4397335,20.9369698,12.625773207501771,185.060490108865110,
43.4434357,0.0659133,35.672821,23.098753,0,131.799457220670774,
47.2928581,0.0696397,21.5490837,21.3434906,373.512550789841441,78.795008557402241,
35.1289825,0.0705924,15.1977711,19.5579453,488.619710050980643,191.000963902344296,
35.4524269,0.0738584,15.1444082,20.7943459,244.721494372092337,346.599685588639659,
35.5005455,0.0718919,15.8568163,21.7944088,101.349579509000463,156.407660224786724,
32.3648224,0.0694664,14.4917707,19.5732841,236.212933788052823,311.137424535489913,
41.6236687,0.0680549,29.3665142,22.5141602,0,468.684201578212935,
35.1673851,0.0741987,15.6156445,20.4202461,0,365.158813643723136,
45.2547913,0.059,37.2322311,25.5121708,0,643.880298451101112,
35.3663368,0.0742832,15.2264338,20.5613174,0,316.629313340676958,
37.5474434,0.0698597,21.2118702,22.004631,197.158163126434317,565.056487028679840,
48.1838989,0.0652246,29.8177624,22.5811806,0,99.546902770210195,
45.7878151,0.0728933,15.347578,20.0528851,488.590888386995289,358.780862616210015,
45.9916878,0.0676886,32.035553,22.2493935,0,410.504552068296903,
35.1877823,0.0745047,15.3564844,20.5286751,425.700133960098924,1378.265199066452851,
60.9061279,0.0744213,14.9114094,22.5572681,724.142125561412740,3.733910103775840,
,0.0772244,13.3000002,22.5011501,2726.154741385409579,140.814725112894877,
44.8137207,0.059,38.0144653,24.7013531,140.554135166927097,112.175129968550038,
76.2667542,0.0806356,13.3472462,23.8913403,0,87.834723934034670,
45.5514755,0.059,37.4702911,25.6963978,0,2597.992225878638237,
48.1753883,0.0661124,30.4496269,22.5774727,0,246.678671009258949,
43.654789,0.0662411,34.9772949,23.0047684,0,502.242748057075346,
41.2110023,0.067272,28.7225323,23.074892,404.203154975915652,620.004482487632004,
,0.0758269,,20.5030289,0,114.209657336372643,
42.0357971,0.0740726,15.5228157,19.935442,136.490382886753849,113.850806559090955,
38.935463,0.0705582,20.2647705,21.8053799,0,202.242845814356798,
59.8000717,0.0865962,13.4926453,27.2865162,0,2176.393889179549205,
44.8590431,0.0642472,35.2178383,23.0246048,0,76.724787539086435,
41.5285263,0.0671246,28.0284901,23.7086487,0,291.530730108685361,
35.3270874,0.0724465,15.37152,21.571619,68.333648708731474,60.813707770860347,
43.1071625,0.066557,33.7571793,22.9747028,186.171238998148311,178.530770075034894,
34.0537987,0.0703876,15.0061979,19.0708923,1056.480209664610811,22.306532980873591,
43.8708649,0.0617553,42.32621,24.1526394,34.687251521028820,0.656282781,
35.0369034,0.0744057,15.5183821,20.5067711,0,414.562167592670846,
36.9506187,0.0726055,15.9571123,21.2580681,67.789996460908711,51.115562113066709,
39.7527924,0.0694147,24.6200981,21.9722862,1313.418414341116886,161.981311202660493,
81.406601,0.0770789,13.2551537,24.851408,0,458.838963106810411,
43.9933662,0.0687943,27.6748886,21.9029922,0,311.933601881712093,
39.2441063,0.0698965,22.3991489,21.906292,273.664277279048861,37.096950769039942,
36.7195053,0.0703746,19.74296,21.8204021,113.049988878514270,525.393888831832101,
44.8814583,0.0602792,37.2596397,23.2102451,301.917686082190471,400.533024506413085,
55.0453911,0.0744218,14.7523851,21.2940006,0,804.672811624637689,
39.5535278,0.0694848,24.2719784,21.9674931,2001.231802123037369,246.035368120820578,
34.0076866,0.0731906,15.1572332,19.6935215,0,289.991095037796640,
79.070015,0.0773516,13.0013323,24.9848652,229.018678022625807,15.975215590909075,
41.3180771,0.0680828,28.9355736,22.5629063,0,663.469965857830857,
34.3532944,0.0734152,15.0984373,19.5083218,16.347910931793955,312.190639849312106,
78.5588531,0.0772033,13.1906309,24.8545341,22.951066747191273,131.143555859696789,
,0.0885872,,,12.110582209890184,53.497996144686525,
43.0062866,0.0737303,15.5154772,19.9521484,320.291814383262818,15.467504442652938,
45.2722435,0.065521,36.0449791,23.1013813,0,597.808393404156504,
38.5674438,0.0706315,19.9624214,21.8087025,0,18.803121724665129,
38.8088264,0.0702469,20.8520622,21.8829861,1241.167881925487336,98.511443188116431,
48.4303551,0.0680614,28.3683796,22.0127811,0,750.928542541598176,
65.521637,0.0803763,12.1764708,24.8155251,369.726883754119910,42.029175583638725,
44.1094933,0.0690913,26.2024727,21.866993,0,58.116953449170808,
36.9614372,0.0701835,20.1715603,21.8545094,719.975650993465138,315.991371959939784,
,0.0799876,13.3000002,21.9400463,91.883269884054698,27.775277566011663,
36.0496712,0.0743724,15.5889854,20.3982697,28.497786853019893,435.821975958807002,
77.4877167,0.0777494,12.8593206,24.8990993,0,211.918843658945946,
44.1322823,0.0700815,21.3465519,21.7428513,11.244667280339216,237.480985401683000,
44.9087639,0.0698055,22.4162083,21.7671528,94.314100744400150,295.343515575033223,
35.0691223,0.0744564,15.4943953,20.5150242,69.738210302209652,98.484319154616827,
41.4358711,0.0695786,24.0959454,21.8685532,1472.686484914966968,155.649182557659628,
77.9391937,0.0772524,13.2528296,24.7954578,1.371393892374076,270.865165560578077,
39.2311897,0.0723318,15.4170628,20.1827946,94.387203865457735,200.842770776361590,
43.7789764,0.0733815,15.4647112,19.9372425,551.338934903099698,76.756046376687337,
80.5529556,0.0769733,13.5556555,24.9811268,0,23.266643705737266,
,0.0760088,,20.5029831,378.792047968890301,46.636969118981831,
46.3675575,0.0685927,28.3663063,21.8962784,75.493999438375866,627.345420627939234,
45.3823204,0.0630562,33.4507141,22.9206753,184.466094821413321,169.242364659234312,
48.0375443,0.0654525,30.4196243,22.630352,309.074156983953912,35.744877790226347,
35.525135,0.0742159,15.295393,20.5358257,0,204.517832958232106,
34.5624352,0.0736539,15.04634,21.0582943,370.180451688882499,356.290104620267641,
38.6217384,0.071693,15.3754101,20.3151531,313.176088608296311,293.553807176428620,
35.1781235,0.0705741,15.2152891,19.5543938,673.844799540068834,71.481030766702204,
